http://www.theawl.com/2015/02/new-york-city-february-25-2015,http://cdn.theawl.com/wp-content/uploads/2015/02/weather-review-sky-022515.jpg,""
http://www.theawl.com/2015/02/lines-from-the-new-yorkers-3-5-star-yelp-listing,http://cdn.theawl.com/wp-content/uploads/2015/02/CVS_TNY_02_23_15_A_RGB-690-e1424986727756.jpg,tny
http://www.theawl.com/2015/02/some-ways-humans-can-be,http://cdn.theawl.com/wp-content/uploads/2015/02/ballerina1.jpg,""
http://www.theawl.com/2015/02/the-real-estate-broker-who-got-priced-out,http://cdn0.theawl.com/wp-content/uploads/2015/02/Screen-Shot-2015-02-26-at-10.39.52-AM.png,""
http://www.theawl.com/2015/02/new-york-city-february-24-2015,http://cdn.theawl.com/wp-content/uploads/2015/02/weather-review-sky-022415.jpg,""
http://www.theawl.com/2015/02/that-magnificent-train,http://cdn2.theawl.com/wp-content/uploads/2015/02/IMG_3227.jpg,IMG_3227
http://www.theawl.com/2015/02/other-peoples-babies,http://cdn0.theawl.com/wp-content/uploads/2015/02/7247021266_8dd2595bb5_o.jpg,""
http://www.theawl.com/2015/02/new-york-city-february-23-2015,http://cdn2.theawl.com/wp-content/uploads/2015/02/weather-review-sky-022315.jpeg,weather review sky 022315
http://www.theawl.com/2015/02/the-facebook-proposition,http://cdn.theawl.com/wp-content/uploads/2015/02/aahhhh.gif,""
http://www.theawl.com/2015/02/the-ombudsnerd,http://cdn0.theawl.com/wp-content/uploads/2015/02/2014-12-17-02.53.12.jpg,chu
http://www.theawl.com/2015/02/whos-ready-for-war,http://cdn.theawl.com/wp-content/uploads/2015/02/8654594055_65e62d0a51_o.jpg,""
http://www.theawl.com/2015/02/eat-the-garlic,http://cdn.theawl.com/wp-content/uploads/2015/02/5087101315_b72550a018_b.jpg,your breath will be amazing lol
http://www.theawl.com/2015/02/read-jonas-karlssons-the-room,http://cdn.theawl.com/wp-content/uploads/2015/02/Room_blurb1.png,Room_blurb
http://www.theawl.com/2015/02/how-to-measure-time-with-the-new-pebble-time,http://cdn.theawl.com/wp-content/uploads/2015/02/watchwatchwatch.png,watchwatchwatch
http://www.theawl.com/2015/02/new-york-city-february-22-2015,http://cdn2.theawl.com/wp-content/uploads/2015/02/weather-review-sky-022215.jpg,weather review sky 022215
http://www.theawl.com/2015/02/the-time-i-tried-to-be-a-literary-agent,http://cdn.theawl.com/wp-content/uploads/2015/02/4692258762_5e011036c5_b.jpg,""
http://www.theawl.com/2015/02/that-long-island-city-look,http://cdn.theawl.com/wp-content/uploads/2015/02/long-island-city-skyscrapers.jpg,""
http://www.theawl.com/2015/02/how-to-make-your-girlfriend-like-you-again,http://cdn0.theawl.com/wp-content/uploads/2015/02/Screen-Shot-2015-02-21-at-6.15.08-PM-e1424561382426.png,""
http://www.theawl.com/2015/02/new-york-city-february-19-2015,http://cdn0.theawl.com/wp-content/uploads/2015/02/weather-review-sky-021915.jpg,weather review sky 021915
http://www.theawl.com/2015/02/what-was-the-bro,http://cdn.theawl.com/wp-content/uploads/2015/02/14728177175_703f783c0f_o.jpg,brahhhhh
http://www.theawl.com/2015/02/new-york-city-february-18-2015,http://cdn.theawl.com/wp-content/uploads/2015/02/weather-review-sky-021815-1.jpg,""
http://www.theawl.com/2015/02/the-2015-cool-cat-name-contest,http://cdn0.theawl.com/wp-content/uploads/2015/02/cool_cat_1.jpg,""
http://www.theawl.com/2015/02/introducing-the-new-new-new-york-times,http://cdn0.theawl.com/wp-content/uploads/2015/02/Screen-Shot-2015-02-19-at-11.24.43-AM.png,""
http://www.theawl.com/2015/02/new-york-city-february-17-2015,http://cdn0.theawl.com/wp-content/uploads/2015/02/weather-review-sky-021715.jpg,""
http://www.theawl.com/2015/02/who-learned-the-most-from-the-new-yorkers-jonathan-ive-profile,http://cdn.theawl.com/wp-content/uploads/2015/02/tny.jpg,CV1_TNY_02_23_15Banyai.indd
http://www.theawl.com/2015/02/the-suburbs,http://cdn0.theawl.com/wp-content/uploads/2015/02/Screen-Shot-2015-02-18-at-1.00.24-PM.png,""
http://www.theawl.com/2015/02/new-york-city-february-16-2015,http://cdn2.theawl.com/wp-content/uploads/2015/02/weather-review-sky-021615.jpg,""
http://www.theawl.com/2015/02/the-current-starbucks-beverage-menu-ranked,http://cdn0.theawl.com/wp-content/uploads/2015/02/15602599431_179ac857fa_k.jpg,bucks
http://www.theawl.com/2015/02/quick-pickle-the-vegetable,http://cdn2.theawl.com/wp-content/uploads/2015/02/picks.jpeg,picks
http://www.theawl.com/2015/02/new-york-city-february-15-2015,http://cdn.theawl.com/wp-content/uploads/2015/02/weather-review-sky-021515.jpg,""
http://www.theawl.com/2015/02/our-baby-goat-was-beheaded-what-happened-next-was-this,http://cdn2.theawl.com/wp-content/uploads/2015/02/newborn-white.jpg,calvin
http://www.theawl.com/2015/02/how-to-share-feelings-with-other-human-beings-a-guide,http://cdn2.theawl.com/wp-content/uploads/2015/02/Screen-Shot-2015-02-15-at-8.45.43-AM-e1424008110447.png,GET YOUR BORG ON
http://www.theawl.com/2015/02/new-york-city-february-12-2015,http://cdn2.theawl.com/wp-content/uploads/2015/02/weather-review-sky-021215.jpg,weather review sky 021215
http://www.theawl.com/2015/02/david-carr-1956-2015,http://cdn2.theawl.com/wp-content/uploads/2015/02/nytfront.jpg,New York Times Exceptionaism
http://www.theawl.com/2015/02/new-york-city-february-11-2015,http://cdn0.theawl.com/wp-content/uploads/2015/02/weather-review-sky-021115-1-e1423780080183.jpg,""
http://www.theawl.com/2015/02/building-a-village,http://cdn0.theawl.com/wp-content/uploads/2015/02/Screen-Shot-2015-02-12-at-1.02.55-PM.png,z
http://www.theawl.com/2015/02/new-york-city-february-10-2015,http://cdn0.theawl.com/wp-content/uploads/2015/02/weather-review-sky-0210151.jpg,""
http://www.theawl.com/2015/02/the-woods,http://cdn0.theawl.com/wp-content/uploads/2015/02/thewoods.jpg,""
http://www.theawl.com/2015/02/snapchat-channels-ranked,http://cdn.theawl.com/wp-content/uploads/2015/02/Screenshot_2015-02-11-10-55-41.png,Screenshot_2015-02-11-10-55-41
http://www.theawl.com/2015/02/new-york-city-february-9-2015,http://cdn.theawl.com/wp-content/uploads/2015/02/weather-review-sky-020915.jpg,""
http://www.theawl.com/2015/02/the-husband-did-it,http://cdn.theawl.com/wp-content/uploads/2015/02/beeeen.jpg,gone-girl-DF-01826cc_rgb.jpg
http://www.theawl.com/2015/02/die-early,http://cdn.theawl.com/wp-content/uploads/2015/02/shutterstock_65019499.jpg,Youth
http://www.theawl.com/2015/02/new-york-city-february-8-2015,http://cdn2.theawl.com/wp-content/uploads/2015/02/weather-review-sky-0208151-e1423577722482.jpg,weather review sky 020815
http://www.theawl.com/2015/02/how-do-i-fight-the-man,http://cdn2.theawl.com/wp-content/uploads/2015/02/zeldaohno.jpg,""
http://www.theawl.com/2015/02/new-york-city-february-5-2015,http://cdn2.theawl.com/wp-content/uploads/2015/02/weather-review-sky-020515.jpg,weather review sky 020515
http://www.theawl.com/2015/02/surge-dread,http://cdn2.theawl.com/wp-content/uploads/2015/02/11735033603_86ea09dfde_k.jpg,the suuuuurge
http://www.theawl.com/2015/02/the-hollywood-gun-show,http://cdn0.theawl.com/wp-content/uploads/2015/02/Screen-Shot-2015-02-06-at-12.50.50-PM.png,""
http://www.theawl.com/2015/02/new-york-city-february-4-2015,http://cdn0.theawl.com/wp-content/uploads/2015/02/weather-review-sky-020415.jpg,weather review sky 020415
http://www.theawl.com/2015/02/the-basement,http://cdn.theawl.com/wp-content/uploads/2015/02/trees.jpg,trees
http://www.theawl.com/2015/02/the-next-internet-is-tv,http://cdn2.theawl.com/wp-content/uploads/2015/02/kizz.gif,kizz
http://www.theawl.com/2015/02/new-york-city-february-3-2015,http://cdn0.theawl.com/wp-content/uploads/2015/02/weather-review-sky-020315.jpg,weather review sky 020315
http://www.theawl.com/2015/02/the-rabbit-woman-of-gowanus,http://cdn2.theawl.com/wp-content/uploads/2015/02/image-6.jpeg,rabs
http://www.theawl.com/2015/02/one-year-with-zelda,http://cdn2.theawl.com/wp-content/uploads/2015/02/Screen-Shot-2015-02-04-at-11.45.26-AM.png,zelda
http://www.theawl.com/2015/02/new-york-city-february-2-2015,http://cdn2.theawl.com/wp-content/uploads/2015/02/weather-review-sky-020215.jpg,weather review sky 020215
http://www.theawl.com/2015/02/microwave-the-vegetables,http://cdn0.theawl.com/wp-content/uploads/2015/02/7098046367_2a41383964_k.jpg,ride the wave
http://www.theawl.com/2015/02/new-york-city-february-1-2015,http://cdn0.theawl.com/wp-content/uploads/2015/02/weather-review-sky-020115.jpg,weather review sky 020115
http://www.theawl.com/2015/02/you-cheapskate,http://cdn.theawl.com/wp-content/uploads/2015/02/IMG_7730.jpg,Processed with VSCOcam with f2 preset
http://www.theawl.com/2015/02/my-yoga-nemesis,http://cdn0.theawl.com/wp-content/uploads/2015/02/10538442166_1f55da30e1_k.jpg,yo
http://www.theawl.com/2015/01/should-i-be-a-poorly-paid-writer-or-a-better-paid-publicist,http://cdn.theawl.com/wp-content/uploads/2015/01/Screen-Shot-2015-01-31-at-9.14.50-AM.png,""
http://www.theawl.com/2015/01/new-york-city-january-29-2015,http://cdn0.theawl.com/wp-content/uploads/2015/01/weather-review-sky-012915.jpg,weather review sky 012915
http://www.theawl.com/2015/01/all-the-exposed-mens-ankles-in-the-february-gq-in-order,http://cdn2.theawl.com/wp-content/uploads/2015/01/IMG_2476.jpg,""
http://www.theawl.com/2015/01/new-york-city-january-28-2015,http://cdn.theawl.com/wp-content/uploads/2015/01/weather-review-sky-012815.jpg,weather review sky 012815
http://www.theawl.com/2015/01/inside-the-mind-of-the-teen-male-approximately,http://cdn0.theawl.com/wp-content/uploads/2015/01/kda.jpg,kda
