http://www.theawl.com/2016/05/new-york-city-may-3-2016,http://cdn.theawl.com/wp-content/uploads/2016/05/weather-review-sky-050316.jpg,weather review sky 050316
http://www.theawl.com/2016/05/lets-have-a-big-party-to-celebrate-the-return-of-chest-hair,http://cdn.theawl.com/wp-content/uploads/2016/05/chesthair.gif,chesthair
http://www.theawl.com/2016/05/i-love-serial-entertainment-and-so-can-you,http://cdn.theawl.com/wp-content/uploads/2016/05/434222041_d24193c924_o.jpg,OLYMPUS DIGITAL CAMERA
http://www.theawl.com/2016/05/soundscan-surprises-week-ending-428,http://cdn.theawl.com/wp-content/uploads/2016/04/5511467130_e0128d7e15_b-1024x722.jpg,5511467130_e0128d7e15_b
http://www.theawl.com/2016/05/new-york-city-may-2-2016,http://cdn.theawl.com/wp-content/uploads/2016/05/weather-review-sky-050216.jpg,weather review sky 050216
http://www.theawl.com/2016/05/stop-selling-your-body-for-clicks,http://cdn2.theawl.com/wp-content/uploads/2016/05/Screen-Shot-2016-05-03-at-4.36.03-PM.png,Screen Shot 2016-05-03 at 4.36.03 PM
http://www.theawl.com/2016/05/laura-sold-her-book,http://cdn0.theawl.com/wp-content/uploads/2016/05/IMG_2792.jpg,IMG_2792
http://www.theawl.com/2016/05/new-york-city-may-1-2016,http://cdn0.theawl.com/wp-content/uploads/2016/05/weather-review-sky-050116.jpg,weather review sky 050116
http://www.theawl.com/2016/05/adam-ehrlich-sachs-inherited-disorders,http://cdn2.theawl.com/wp-content/uploads/2016/05/81U6nxK3KGL.jpg,81U6nxK3KGL
http://www.theawl.com/2016/05/if-a-surprise-radiohead-album-drops-in-a-cleared-forest,http://cdn2.theawl.com/wp-content/uploads/2016/05/Screen-Shot-2016-05-02-at-11.19.54-AM1-1024x584.png,Screen Shot 2016-05-02 at 11.19.54 AM
http://www.theawl.com/2016/05/the-broadway-show-that-changed-everything,http://cdn2.theawl.com/wp-content/uploads/2016/05/rent.gif,rent
http://www.theawl.com/2016/04/new-york-city-april-28-2016,http://cdn.theawl.com/wp-content/uploads/2016/04/weather-review-sky-042816.jpg,weather review sky 042816
http://www.theawl.com/2016/04/share-yourself-stupid,http://cdn.theawl.com/wp-content/uploads/2015/10/smartphonewhiteys.jpg,smartphonewhiteys
http://www.theawl.com/2016/04/yazidi-new-year,http://cdn0.theawl.com/wp-content/uploads/2016/04/NYD4.jpg,NYD4
http://www.theawl.com/2016/04/sans-teeth-sans-eyes-sans-taste-sans-text,http://cdn0.theawl.com/wp-content/uploads/2016/04/newsweek.gif,newsweek
http://www.theawl.com/2016/04/not-that-theres-much-worth-focusing-on-anyway,http://cdn0.theawl.com/wp-content/uploads/2016/04/attention.gif,attention
http://www.theawl.com/2016/04/new-york-city-april-27-2016,http://cdn0.theawl.com/wp-content/uploads/2016/04/weather-review-sky-042716.jpg,weather review sky 042716
http://www.theawl.com/2016/04/game-consumed,http://cdn.theawl.com/wp-content/uploads/2016/04/11111203796_519001c126_k-1024x768.jpg,11111203796_519001c126_k
http://www.theawl.com/2016/04/open-container-laws-mississippi,http://cdn.theawl.com/wp-content/uploads/2016/04/TitlePhoto-e1461684948879.jpg,TitlePhoto
http://www.theawl.com/2016/04/jenny-diski-1947-2016,http://cdn.theawl.com/wp-content/uploads/2016/04/diskigrat.jpg,diskigrat
http://www.theawl.com/2016/04/new-york-city-april-26-2016,http://cdn0.theawl.com/wp-content/uploads/2016/04/weather-review-sky-042616.jpg,weather review sky 042616
http://www.theawl.com/2016/04/jesus-of-narrative,http://cdn2.theawl.com/wp-content/uploads/2016/04/BlackJesus_S2_1-1024x683.jpg,Unit coverage of Black Jesus ep. 210 Wedding Vows
http://www.theawl.com/2016/04/soundscan-surprises-week-ending-421,http://cdn0.theawl.com/wp-content/uploads/2016/04/5511467130_e0128d7e15_b-1024x722.jpg,5511467130_e0128d7e15_b
http://www.theawl.com/2016/04/new-york-city-april-25-2016,http://cdn0.theawl.com/wp-content/uploads/2016/04/weather-review-sky-042516.jpg,weather review sky 042516
http://www.theawl.com/2016/04/godmother-of-the-american-city,http://cdn0.theawl.com/wp-content/uploads/2016/04/JaneJacobs_fin.jpg,JaneJacobs_mech.indd
http://www.theawl.com/2016/04/youre-doing-reality-wrong,http://cdn2.theawl.com/wp-content/uploads/2016/04/train.jpg,train
http://www.theawl.com/2016/04/new-york-city-april-24-2016,http://cdn.theawl.com/wp-content/uploads/2016/04/weather-review-sky-042416.jpg,weather review sky 042416
http://www.theawl.com/2016/04/a-universal-heart,http://cdn.theawl.com/wp-content/uploads/2016/04/sturgillsimpson_asailorsguidetoearth_final_1400.jpg.jpeg,sturgillsimpson_asailorsguidetoearth_final_1400.jpg
http://www.theawl.com/2016/04/o-reader-my-reader,http://cdn2.theawl.com/wp-content/uploads/2016/04/4972331761_84b1557baf_b1-1024x640.jpg,4972331761_84b1557baf_b
http://www.theawl.com/2016/04/new-york-city-april-21-2016,http://cdn0.theawl.com/wp-content/uploads/2016/04/weather-review-sky-042116.jpg,weather review sky 042116
http://www.theawl.com/2016/04/who-owns-washington-park,http://cdn0.theawl.com/wp-content/uploads/2016/04/IMG_0887.jpg,IMG_0887
http://www.theawl.com/2016/04/earth-day-is-really-space-day-when-you-think-about-it,http://cdn0.theawl.com/wp-content/uploads/2016/04/7663247816_94b21fca43_o.jpg,7663247816_94b21fca43_o
http://www.theawl.com/2016/04/new-york-city-april-20-2016,http://cdn0.theawl.com/wp-content/uploads/2016/04/weather-review-sky-042016.jpg,weather review sky 042016
http://www.theawl.com/2016/04/getting-arrested-at-the-liberation-seder,http://cdn0.theawl.com/wp-content/uploads/2016/04/DSC_3326-1024x854.jpg,DSC_3326
http://www.theawl.com/2016/04/archbishop-of-canterbury-paternity-scandal,http://cdn.theawl.com/wp-content/uploads/2016/04/15862086073_cd3cfa18e0_k.jpg,15862086073_cd3cfa18e0_k
http://www.theawl.com/2016/04/prince,http://cdn2.theawl.com/wp-content/uploads/2016/04/prince.jpg,prince
http://www.theawl.com/2016/04/british-celebrity-injunctions-in-the-age-of-internet,http://cdn.theawl.com/wp-content/uploads/2016/04/shutterstock_318389888.jpg,shutterstock_318389888
http://www.theawl.com/2016/04/new-york-city-april-19-2016,http://cdn0.theawl.com/wp-content/uploads/2016/04/weather-review-sky-041916.jpg,weather review sky 041916
http://www.theawl.com/2016/04/what-does-a-millennial-look-like,http://cdn.theawl.com/wp-content/uploads/2016/04/shutterstock_353193680.jpg,shutterstock_353193680
http://www.theawl.com/2016/04/trail-blazing,http://cdn2.theawl.com/wp-content/uploads/2016/04/4558040560_700f685753_b.jpg,4558040560_700f685753_b
http://www.theawl.com/2016/04/soundscan-surprises-week-ending-414,http://cdn0.theawl.com/wp-content/uploads/2016/04/5511467130_e0128d7e15_b.jpg,5511467130_e0128d7e15_b
http://www.theawl.com/2016/04/new-york-city-april-18-2016,http://cdn0.theawl.com/wp-content/uploads/2016/04/weather-review-sky-041816.jpg,weather review sky 041816
http://www.theawl.com/2016/04/bek-remembers-grandma-rose,http://cdn0.theawl.com/wp-content/uploads/2016/04/familycar.jpg,familycar
http://www.theawl.com/2016/04/against-shibboleth-nicknames,http://cdn2.theawl.com/wp-content/uploads/2016/04/7746492780_3d3b1f0a39_h.jpg,7746492780_3d3b1f0a39_h
